case,time_ps,donor,bridge,acceptor
diagonal_reference,0.00,1.00000000,0.00000000,0.00000000
diagonal_reference,0.05,0.98418455,0.01559362,0.00020781
diagonal_reference,0.10,0.95893561,0.03970489,0.00128742
diagonal_reference,0.15,0.93431269,0.06210876,0.00343527
diagonal_reference,0.20,0.91059272,0.08265568,0.00654408
diagonal_reference,0.25,0.88775368,0.10144056,0.01054078
diagonal_reference,0.30,0.86576629,0.11858417,0.01533407
diagonal_reference,0.35,0.84453913,0.13421744,0.02086419
diagonal_reference,0.40,0.82405693,0.14847441,0.02701712
diagonal_reference,0.45,0.80428404,0.16140469,0.03378727
diagonal_reference,0.50,0.78520968,0.17309654,0.04109250
diagonal_reference,0.55,0.76675475,0.18366938,0.04890902
diagonal_reference,0.60,0.74891645,0.19320410,0.05715548
diagonal_reference,0.65,0.73166207,0.20178283,0.06576758
diagonal_reference,0.70,0.71498024,0.20948813,0.07469291
diagonal_reference,0.75,0.69880527,0.21639159,0.08388549
diagonal_reference,0.80,0.68314522,0.22250657,0.09336463
diagonal_reference,0.85,0.66797784,0.22787762,0.10307766
diagonal_reference,0.90,0.65326261,0.23260961,0.11298774
diagonal_reference,0.95,0.63898735,0.23672398,0.12307124
diagonal_reference,1.00,0.62513335,0.24028114,0.13328223
diagonal_reference,1.05,0.61170448,0.24330863,0.14361035
diagonal_reference,1.10,0.59864706,0.24584568,0.15405369
diagonal_reference,1.15,0.58596191,0.24793862,0.16456678
diagonal_reference,1.20,0.57363554,0.24959605,0.17515164
diagonal_reference,1.25,0.56167292,0.25085477,0.18578749
diagonal_reference,1.30,0.55002664,0.25175679,0.19647450
diagonal_reference,1.35,0.53868821,0.25228116,0.20722588
diagonal_reference,1.40,0.52766017,0.25246677,0.21801320
diagonal_reference,1.45,0.51694191,0.25235898,0.22878489
diagonal_reference,1.50,0.50648679,0.25196940,0.23957453
diagonal_reference,1.55,0.49630392,0.25132196,0.25035459
diagonal_reference,1.60,0.48637619,0.25047429,0.26107517
diagonal_reference,1.65,0.47670730,0.24941940,0.27174636
diagonal_reference,1.70,0.46726935,0.24817042,0.28238318
diagonal_reference,1.75,0.45806789,0.24674678,0.29296544
diagonal_reference,1.80,0.44910395,0.24517458,0.30345565
diagonal_reference,1.85,0.44034649,0.24347163,0.31385887
diagonal_reference,1.90,0.43179669,0.24165394,0.32417624
diagonal_reference,1.95,0.42345041,0.23973608,0.33440006
diagonal_reference,2.00,0.41531212,0.23769886,0.34452980
diagonal_reference,2.05,0.40734962,0.23554450,0.35459634
diagonal_reference,2.10,0.39957323,0.23331855,0.36455870
diagonal_reference,2.15,0.39197229,0.23103209,0.37440709
diagonal_reference,2.20,0.38454904,0.22869469,0.38412493
diagonal_reference,2.25,0.37728114,0.22628621,0.39375464
diagonal_reference,2.30,0.37017442,0.22383136,0.40327680
diagonal_reference,2.35,0.36321817,0.22135129,0.41266286
diagonal_reference,2.40,0.35642810,0.21883846,0.42192261
diagonal_reference,2.45,0.34977595,0.21629062,0.43108675
diagonal_reference,2.50,0.34326392,0.21368163,0.44015775
diagonal_reference,2.55,0.33689959,0.21105999,0.44910473
diagonal_reference,2.60,0.33067035,0.20843088,0.45792024
diagonal_reference,2.65,0.32456966,0.20581470,0.46660438
diagonal_reference,2.70,0.31858757,0.20320275,0.47515245
diagonal_reference,2.75,0.31273450,0.20059702,0.48357244
diagonal_reference,2.80,0.30699885,0.19798365,0.49187986
diagonal_reference,2.85,0.30138205,0.19537187,0.50007409
diagonal_reference,2.90,0.29587994,0.19275127,0.50815659
diagonal_reference,2.95,0.29048941,0.19012856,0.51613139
diagonal_reference,3.00,0.28520464,0.18750052,0.52400620
diagonal_reference,3.05,0.28003199,0.18489157,0.53175673
diagonal_reference,3.10,0.27495959,0.18228003,0.53939751
diagonal_reference,3.15,0.26999145,0.17966949,0.54693319
diagonal_reference,3.20,0.26511245,0.17707980,0.55436386
diagonal_reference,3.25,0.26033373,0.17450876,0.56167793
diagonal_reference,3.30,0.25564814,0.17196422,0.56886713
diagonal_reference,3.35,0.25105431,0.16945172,0.57593039
diagonal_reference,3.40,0.24654585,0.16695202,0.58289549
diagonal_reference,3.45,0.24211795,0.16447207,0.58975867
diagonal_reference,3.50,0.23778017,0.16203192,0.59648803
diagonal_reference,3.55,0.23352543,0.15963694,0.60310034
diagonal_reference,3.60,0.22934105,0.15727325,0.60959973
diagonal_reference,3.65,0.22524126,0.15494376,0.61598461
diagonal_reference,3.70,0.22122656,0.15264721,0.62225416
diagonal_reference,3.75,0.21727851,0.15037506,0.62842426
diagonal_reference,3.80,0.21340918,0.14813155,0.63449420
diagonal_reference,3.85,0.20961032,0.14591688,0.64047074
diagonal_reference,3.90,0.20588894,0.14373358,0.64633264
diagonal_reference,3.95,0.20223431,0.14157711,0.65210147
diagonal_reference,4.00,0.19865050,0.13945550,0.65776401
diagonal_reference,4.05,0.19513208,0.13737066,0.66333151
diagonal_reference,4.10,0.19168229,0.13530878,0.66880005
diagonal_reference,4.15,0.18829920,0.13326594,0.67418290
diagonal_reference,4.20,0.18497398,0.13126623,0.67946488
diagonal_reference,4.25,0.18171309,0.12930231,0.68465354
diagonal_reference,4.30,0.17852735,0.12736301,0.68974291
diagonal_reference,4.35,0.17539512,0.12545630,0.69475274
diagonal_reference,4.40,0.17232053,0.12357870,0.69966953
diagonal_reference,4.45,0.16931002,0.12172942,0.70450027
diagonal_reference,4.50,0.16635373,0.11991843,0.70923939
diagonal_reference,4.55,0.16345085,0.11812638,0.71390535
diagonal_reference,4.60,0.16059106,0.11636314,0.71849268
diagonal_reference,4.65,0.15779185,0.11463801,0.72298842
diagonal_reference,4.70,0.15503957,0.11293186,0.72742525
diagonal_reference,4.75,0.15233717,0.11125463,0.73176908
diagonal_reference,4.80,0.14969233,0.10960603,0.73604126
diagonal_reference,4.85,0.14712210,0.10798817,0.74022907
diagonal_reference,4.90,0.14459845,0.10638257,0.74434382
diagonal_reference,4.95,0.14211856,0.10480574,0.74838693
diagonal_reference,5.00,0.13968082,0.10326416,0.75235851
diagonal_reference,5.05,0.13728988,0.10173921,0.75626012
diagonal_reference,5.10,0.13494600,0.10022689,0.76010274
diagonal_reference,5.15,0.13264436,0.09874948,0.76387377
diagonal_reference,5.20,0.13037940,0.09728723,0.76758665
diagonal_reference,5.25,0.12816632,0.09584832,0.77123155
diagonal_reference,5.30,0.12598737,0.09443500,0.77482261
diagonal_reference,5.35,0.12385014,0.09304446,0.77834182
diagonal_reference,5.40,0.12175163,0.09167697,0.78179710
diagonal_reference,5.45,0.11970274,0.09033088,0.78518520
diagonal_reference,5.50,0.11768863,0.08900351,0.78851956
diagonal_reference,5.55,0.11571598,0.08771180,0.79178809
diagonal_reference,5.60,0.11377585,0.08644460,0.79498254
diagonal_reference,5.65,0.11186932,0.08519736,0.79812906
diagonal_reference,5.70,0.11000402,0.08397893,0.80120580
diagonal_reference,5.75,0.10816913,0.08278729,0.80423232
diagonal_reference,5.80,0.10636518,0.08161505,0.80720126
diagonal_reference,5.85,0.10459473,0.08045904,0.81012772
diagonal_reference,5.90,0.10285102,0.07932141,0.81299686
diagonal_reference,5.95,0.10114516,0.07820843,0.81581375
diagonal_reference,6.00,0.09947489,0.07711313,0.81857923
diagonal_reference,6.05,0.09782633,0.07603792,0.82129575
diagonal_reference,6.10,0.09621373,0.07498433,0.82396442
diagonal_reference,6.15,0.09462248,0.07395211,0.82658066
diagonal_reference,6.20,0.09307366,0.07293316,0.82915067
diagonal_reference,6.25,0.09153976,0.07193687,0.83167629
diagonal_reference,6.30,0.09003456,0.07095936,0.83415889
diagonal_reference,6.35,0.08855873,0.07000198,0.83658764
diagonal_reference,6.40,0.08711640,0.06906084,0.83897273
diagonal_reference,6.45,0.08569717,0.06812483,0.84132655
diagonal_reference,6.50,0.08429947,0.06721883,0.84363467
diagonal_reference,6.55,0.08293228,0.06632395,0.84589675
diagonal_reference,6.60,0.08158159,0.06544939,0.84811869
diagonal_reference,6.65,0.08026266,0.06458937,0.85030096
diagonal_reference,6.70,0.07896143,0.06374349,0.85244405
diagonal_reference,6.75,0.07769111,0.06292030,0.85454145
diagonal_reference,6.80,0.07644043,0.06210691,0.85660202
diagonal_reference,6.85,0.07520752,0.06131128,0.85863046
diagonal_reference,6.90,0.07400342,0.06053000,0.86061944
diagonal_reference,6.95,0.07282217,0.05976398,0.86256667
diagonal_reference,7.00,0.07166103,0.05901130,0.86448047
diagonal_reference,7.05,0.07052145,0.05828026,0.86635505
diagonal_reference,7.10,0.06939941,0.05755955,0.86820097
diagonal_reference,7.15,0.06829685,0.05685092,0.87001226
diagonal_reference,7.20,0.06722183,0.05614835,0.87178991
diagonal_reference,7.25,0.06616400,0.05546032,0.87353882
diagonal_reference,7.30,0.06512461,0.05478643,0.87525904
diagonal_reference,7.35,0.06411518,0.05412061,0.87694566
diagonal_reference,7.40,0.06312603,0.05346126,0.87860141
diagonal_reference,7.45,0.06215847,0.05280897,0.88022580
diagonal_reference,7.50,0.06119799,0.05217374,0.88181970
diagonal_reference,7.55,0.06026026,0.05155076,0.88338023
diagonal_reference,7.60,0.05933566,0.05094158,0.88491879
diagonal_reference,7.65,0.05842769,0.05033940,0.88643115
diagonal_reference,7.70,0.05753739,0.04975212,0.88791126
diagonal_reference,7.75,0.05665839,0.04917169,0.88936581
diagonal_reference,7.80,0.05579831,0.04861268,0.89078717
diagonal_reference,7.85,0.05495248,0.04805350,0.89219495
diagonal_reference,7.90,0.05412931,0.04750952,0.89356948
diagonal_reference,7.95,0.05331400,0.04696667,0.89492430
diagonal_reference,8.00,0.05251649,0.04643608,0.89625032
diagonal_reference,8.05,0.05173002,0.04592551,0.89755477
diagonal_reference,8.10,0.05095679,0.04541889,0.89883458
diagonal_reference,8.15,0.05019703,0.04492265,0.90009050
diagonal_reference,8.20,0.04945875,0.04442960,0.90132901
diagonal_reference,8.25,0.04872770,0.04395507,0.90254033
diagonal_reference,8.30,0.04801184,0.04349117,0.90372152
diagonal_reference,8.35,0.04730947,0.04303248,0.90488275
diagonal_reference,8.40,0.04661420,0.04258085,0.90602944
diagonal_reference,8.45,0.04593447,0.04213650,0.90715482
diagonal_reference,8.50,0.04526867,0.04170079,0.90825606
diagonal_reference,8.55,0.04461638,0.04127683,0.90934467
diagonal_reference,8.60,0.04397843,0.04086116,0.91040551
diagonal_reference,8.65,0.04334851,0.04045306,0.91145087
diagonal_reference,8.70,0.04273225,0.04004539,0.91247581
diagonal_reference,8.75,0.04212362,0.03964383,0.91348639
diagonal_reference,8.80,0.04152864,0.03925679,0.91447553
diagonal_reference,8.85,0.04094829,0.03887724,0.91544200
diagonal_reference,8.90,0.04036809,0.03850454,0.91638802
diagonal_reference,8.95,0.03980179,0.03813891,0.91733391
diagonal_reference,9.00,0.03924973,0.03777348,0.91825139
diagonal_reference,9.05,0.03870584,0.03742261,0.91915341
diagonal_reference,9.10,0.03816822,0.03707859,0.92003505
diagonal_reference,9.15,0.03764515,0.03674164,0.92090235
diagonal_reference,9.20,0.03712893,0.03641196,0.92175531
diagonal_reference,9.25,0.03662088,0.03608270,0.92259311
diagonal_reference,9.30,0.03613314,0.03576010,0.92341715
diagonal_reference,9.35,0.03564604,0.03544475,0.92422703
diagonal_reference,9.40,0.03516581,0.03513650,0.92501572
diagonal_reference,9.45,0.03470005,0.03483590,0.92578894
diagonal_reference,9.50,0.03424137,0.03454143,0.92655588
diagonal_reference,9.55,0.03379702,0.03424097,0.92730841
diagonal_reference,9.60,0.03336028,0.03395396,0.92804583
diagonal_reference,9.65,0.03293027,0.03366079,0.92876331
diagonal_reference,9.70,0.03251461,0.03338139,0.92947209
diagonal_reference,9.75,0.03209873,0.03310180,0.93016824
diagonal_reference,9.80,0.03169793,0.03282987,0.93085452
diagonal_reference,9.85,0.03130369,0.03255757,0.93152217
diagonal_reference,9.90,0.03091670,0.03229231,0.93218163
diagonal_reference,9.95,0.03053560,0.03204023,0.93282666
diagonal_reference,10.00,0.03015759,0.03178975,0.93345661
diagonal_reference,10.05,0.02979059,0.03154023,0.93408162
diagonal_reference,10.10,0.02943223,0.03129654,0.93469665
diagonal_reference,10.15,0.02908098,0.03105850,0.93529147
diagonal_reference,10.20,0.02873010,0.03082942,0.93587842
diagonal_reference,10.25,0.02838778,0.03060182,0.93645175
diagonal_reference,10.30,0.02804915,0.03037959,0.93701982
diagonal_reference,10.35,0.02771957,0.03016287,0.93757686
diagonal_reference,10.40,0.02739742,0.02994295,0.93812294
diagonal_reference,10.45,0.02708194,0.02973307,0.93865339
diagonal_reference,10.50,0.02677381,0.02952722,0.93917658
diagonal_reference,10.55,0.02646594,0.02933200,0.93969202
diagonal_reference,10.60,0.02616495,0.02913134,0.94020091
diagonal_reference,10.65,0.02587108,0.02893774,0.94069773
diagonal_reference,10.70,0.02558436,0.02874415,0.94118512
diagonal_reference,10.75,0.02529810,0.02855809,0.94166234
diagonal_reference,10.80,0.02501859,0.02837641,0.94213084
diagonal_reference,10.85,0.02474360,0.02819978,0.94259406
diagonal_reference,10.90,0.02447388,0.02802060,0.94304824
diagonal_reference,10.95,0.02421349,0.02784599,0.94349213
diagonal_reference,11.00,0.02395547,0.02767682,0.94392929
diagonal_reference,11.05,0.02370022,0.02750913,0.94435940
diagonal_reference,11.10,0.02344943,0.02735144,0.94477514
diagonal_reference,11.15,0.02320308,0.02718981,0.94519035
diagonal_reference,11.20,0.02296244,0.02703217,0.94559173
diagonal_reference,11.25,0.02272985,0.02687452,0.94599306
diagonal_reference,11.30,0.02250050,0.02672070,0.94638723
diagonal_reference,11.35,0.02227143,0.02657749,0.94676656
diagonal_reference,11.40,0.02204209,0.02643414,0.94713926
diagonal_reference,11.45,0.02181982,0.02629069,0.94751556
diagonal_reference,11.50,0.02160495,0.02614740,0.94788093
diagonal_reference,11.55,0.02139725,0.02601129,0.94823526
diagonal_reference,11.60,0.02118214,0.02587897,0.94858657
diagonal_reference,11.65,0.02098147,0.02575000,0.94893048
diagonal_reference,11.70,0.02077401,0.02562428,0.94927088
diagonal_reference,11.75,0.02057326,0.02549527,0.94960375
diagonal_reference,11.80,0.02037975,0.02536626,0.94993028
diagonal_reference,11.85,0.02018615,0.02524443,0.95025283
diagonal_reference,11.90,0.02000010,0.02512990,0.95056781
diagonal_reference,11.95,0.01980945,0.02501523,0.95087604
diagonal_reference,12.00,0.01962745,0.02490056,0.95118421
diagonal_reference,12.05,0.01944819,0.02478589,0.95148526
diagonal_reference,12.10,0.01927647,0.02467593,0.95177872
diagonal_reference,12.15,0.01910448,0.02456375,0.95206542
diagonal_reference,12.20,0.01893250,0.02446342,0.95234497
diagonal_reference,12.25,0.01876288,0.02436309,0.95262446
diagonal_reference,12.30,0.01860314,0.02426071,0.95290354
diagonal_reference,12.35,0.01844549,0.02415535,0.95317589
diagonal_reference,12.40,0.01828785,0.02405502,0.95343898
diagonal_reference,12.45,0.01813236,0.02396200,0.95369681
diagonal_reference,12.50,0.01797989,0.02386877,0.95394758
diagonal_reference,12.55,0.01782409,0.02377556,0.95420038
diagonal_reference,12.60,0.01767893,0.02368244,0.95445130
diagonal_reference,12.65,0.01753745,0.02358937,0.95469290
diagonal_reference,12.70,0.01739418,0.02350337,0.95492933
diagonal_reference,12.75,0.01725635,0.02341738,0.95516032
diagonal_reference,12.80,0.01711454,0.02333138,0.95538963
diagonal_reference,12.85,0.01697844,0.02324553,0.95561725
diagonal_reference,12.90,0.01684941,0.02316679,0.95584075
diagonal_reference,12.95,0.01672041,0.02308077,0.95606162
diagonal_reference,13.00,0.01659140,0.02300185,0.95627663
diagonal_reference,13.05,0.01646977,0.02293033,0.95648429
diagonal_reference,13.10,0.01634076,0.02285868,0.95669202
diagonal_reference,13.15,0.01622591,0.02277978,0.95689996
diagonal_reference,13.20,0.01611031,0.02270196,0.95710062
diagonal_reference,13.25,0.01599670,0.02263026,0.95729385
diagonal_reference,13.30,0.01588201,0.02256563,0.95748745
diagonal_reference,13.35,0.01576735,0.02250055,0.95767378
diagonal_reference,13.40,0.01565280,0.02242951,0.95786654
diagonal_reference,13.45,0.01555248,0.02236446,0.95804625
diagonal_reference,13.50,0.01544488,0.02229318,0.95823219
diagonal_reference,13.55,0.01534454,0.02223549,0.95840447
diagonal_reference,13.60,0.01524434,0.02217104,0.95857629
diagonal_reference,13.65,0.01514401,0.02211372,0.95874827
diagonal_reference,13.70,0.01504368,0.02204934,0.95892025
diagonal_reference,13.75,0.01495062,0.02198479,0.95908507
diagonal_reference,13.80,0.01485759,0.02192768,0.95924972
diagonal_reference,13.85,0.01476443,0.02187026,0.95940726
diagonal_reference,13.90,0.01467823,0.02181999,0.95955807
diagonal_reference,13.95,0.01458516,0.02176290,0.95971586
diagonal_reference,14.00,0.01449931,0.02171234,0.95986624
diagonal_reference,14.05,0.01441331,0.02165498,0.96001677
diagonal_reference,14.10,0.01433440,0.02159817,0.96016675
diagonal_reference,14.15,0.01424840,0.02155461,0.96030347
diagonal_reference,14.20,0.01416980,0.02150452,0.96044669
diagonal_reference,14.25,0.01409009,0.02145504,0.96059003
diagonal_reference,14.30,0.01401215,0.02140415,0.96072623
diagonal_reference,14.35,0.01393963,0.02135386,0.96086239
diagonal_reference,14.40,0.01386174,0.02131084,0.96099136
diagonal_reference,14.45,0.01379005,0.02126782,0.96112038
diagonal_reference,14.50,0.01371116,0.02121869,0.96124939
diagonal_reference,14.55,0.01364557,0.02117586,0.96137827
diagonal_reference,14.60,0.01357522,0.02113150,0.96150011
diagonal_reference,14.65,0.01351068,0.02108848,0.96162197
noncondon,0.00,1.00002151,0.00000000,-0.00002868
noncondon,0.05,0.93580529,0.06319423,0.00099321
noncondon,0.10,0.90972853,0.08708077,0.00313344
noncondon,0.15,0.88824870,0.10542691,0.00621744
noncondon,0.20,0.86725917,0.12243787,0.01014094
noncondon,0.25,0.84699199,0.13797952,0.01481697
noncondon,0.30,0.82739001,0.15217307,0.02017165
noncondon,0.35,0.80845317,0.16510681,0.02612487
noncondon,0.40,0.79013574,0.17685217,0.03263786
noncondon,0.45,0.77239924,0.18751684,0.03963844
noncondon,0.50,0.75522320,0.19714901,0.04711861
noncondon,0.55,0.73858184,0.20584123,0.05500416
noncondon,0.60,0.72245039,0.21366961,0.06325039
noncondon,0.65,0.70679221,0.22071946,0.07179486
noncondon,0.70,0.69161875,0.22701526,0.08061324
noncondon,0.75,0.67689208,0.23259502,0.08970287
noncondon,0.80,0.66259703,0.23752810,0.09900441
noncondon,0.85,0.64871104,0.24186647,0.10849758
noncondon,0.90,0.63521503,0.24564705,0.11813592
noncondon,0.95,0.62209952,0.24893700,0.12788830
noncondon,1.00,0.60933678,0.25172252,0.13778648
noncondon,1.05,0.59693512,0.25405875,0.14777344
noncondon,1.10,0.58487459,0.25596329,0.15784407
noncondon,1.15,0.57313863,0.25747176,0.16797896
noncondon,1.20,0.56171414,0.25861799,0.17818379
noncondon,1.25,0.55059045,0.25940279,0.18843994
noncondon,1.30,0.53975631,0.25984444,0.19875726
noncondon,1.35,0.52918776,0.25996703,0.20914327
noncondon,1.40,0.51889426,0.25981088,0.21952401
noncondon,1.45,0.50885199,0.25939328,0.22991918
noncondon,1.50,0.49906615,0.25873747,0.24030263
noncondon,1.55,0.48951516,0.25787537,0.25065220
noncondon,1.60,0.48019128,0.25682144,0.26096620
noncondon,1.65,0.47108687,0.25558431,0.27125160
noncondon,1.70,0.46219548,0.25419654,0.28147856
noncondon,1.75,0.45351363,0.25266299,0.29163955
noncondon,1.80,0.44503189,0.25101998,0.30171120
noncondon,1.85,0.43675110,0.24924587,0.31170854
noncondon,1.90,0.42865073,0.24737461,0.32162315
noncondon,1.95,0.42073389,0.24538699,0.33147724
noncondon,2.00,0.41298558,0.24331922,0.34124236
noncondon,2.05,0.40541437,0.24117537,0.35090078
noncondon,2.10,0.39800548,0.23898168,0.36044671
noncondon,2.15,0.39075897,0.23671561,0.36991688
noncondon,2.20,0.38367527,0.23440094,0.37927090
noncondon,2.25,0.37674212,0.23203897,0.38851884
noncondon,2.30,0.36994377,0.22963185,0.39767476
noncondon,2.35,0.36329476,0.22716739,0.40674157
noncondon,2.40,0.35678255,0.22465050,0.41571806
noncondon,2.45,0.35040256,0.22210793,0.42459282
noncondon,2.50,0.34415018,0.21953375,0.43337545
noncondon,2.55,0.33802433,0.21697638,0.44201637
noncondon,2.60,0.33201281,0.21441240,0.45053463
noncondon,2.65,0.32612887,0.21182072,0.45895529
noncondon,2.70,0.32037061,0.20920712,0.46728153
noncondon,2.75,0.31472970,0.20659081,0.47549139
noncondon,2.80,0.30920370,0.20398367,0.48358253
noncondon,2.85,0.30377245,0.20138583,0.49155874
noncondon,2.90,0.29844987,0.19880068,0.49941307
noncondon,2.95,0.29323568,0.19623073,0.50714929
noncondon,3.00,0.28812266,0.19365212,0.51478359
noncondon,3.05,0.28310853,0.19106641,0.52233279
noncondon,3.10,0.27818684,0.18848087,0.52978991
noncondon,3.15,0.27335011,0.18590834,0.53714223
noncondon,3.20,0.26861057,0.18335716,0.54438984
noncondon,3.25,0.26395663,0.18082775,0.55152302
noncondon,3.30,0.25939079,0.17831286,0.55855672
noncondon,3.35,0.25490450,0.17580371,0.56550993
noncondon,3.40,0.25050567,0.17331053,0.57235244
noncondon,3.45,0.24617728,0.17084601,0.57909589
noncondon,3.50,0.24194057,0.16841021,0.58572582
noncondon,3.55,0.23778142,0.16598915,0.59225035
noncondon,3.60,0.23369992,0.16359551,0.59867483
noncondon,3.65,0.22968432,0.16122791,0.60500065
noncondon,3.70,0.22575112,0.15889889,0.61121282
noncondon,3.75,0.22188348,0.15659631,0.61732079
noncondon,3.80,0.21809159,0.15432398,0.62332838
noncondon,3.85,0.21436986,0.15209104,0.62922599
noncondon,3.90,0.21071588,0.14988970,0.63502050
noncondon,3.95,0.20713540,0.14772422,0.64072353
noncondon,4.00,0.20361318,0.14557803,0.64634041
noncondon,4.05,0.20015958,0.14346958,0.65186011
noncondon,4.10,0.19676167,0.14138285,0.65728818
noncondon,4.15,0.19343533,0.13932496,0.66263080
noncondon,4.20,0.19016476,0.13728702,0.66789442
noncondon,4.25,0.18695257,0.13528352,0.67307229
noncondon,4.30,0.18379744,0.13329174,0.67816987
noncondon,4.35,0.18070151,0.13133579,0.68319098
noncondon,4.40,0.17766998,0.12940513,0.68811786
noncondon,4.45,0.17470694,0.12750558,0.69295485
noncondon,4.50,0.17179472,0.12563118,0.69771270
noncondon,4.55,0.16893867,0.12378623,0.70239131
noncondon,4.60,0.16613278,0.12197002,0.70699261
noncondon,4.65,0.16336954,0.12017534,0.71151570
noncondon,4.70,0.16066126,0.11842177,0.71595517
noncondon,4.75,0.15800227,0.11669784,0.72031450
noncondon,4.80,0.15538754,0.11499966,0.72459795
noncondon,4.85,0.15282862,0.11332413,0.72880657
noncondon,4.90,0.15031058,0.11167544,0.73295179
noncondon,4.95,0.14784612,0.11004728,0.73702307
noncondon,5.00,0.14542464,0.10843748,0.74103113
noncondon,5.05,0.14304709,0.10685648,0.74496875
noncondon,5.10,0.14071098,0.10529676,0.74883662
noncondon,5.15,0.13841706,0.10375860,0.75264055
noncondon,5.20,0.13616252,0.10225342,0.75639156
noncondon,5.25,0.13393972,0.10077196,0.76006834
noncondon,5.30,0.13175988,0.09931668,0.76367930
noncondon,5.35,0.12961601,0.09788474,0.76723628
noncondon,5.40,0.12751106,0.09647439,0.77072296
noncondon,5.45,0.12544521,0.09509265,0.77415610
noncondon,5.50,0.12340799,0.09373103,0.77753335
noncondon,5.55,0.12141180,0.09240040,0.78084479
noncondon,5.60,0.11944665,0.09108948,0.78410046
noncondon,5.65,0.11751612,0.08980745,0.78729194
noncondon,5.70,0.11562073,0.08853866,0.79044041
noncondon,5.75,0.11375425,0.08728625,0.79353154
noncondon,5.80,0.11192366,0.08606627,0.79656780
noncondon,5.85,0.11012475,0.08486175,0.79955371
noncondon,5.90,0.10835777,0.08367925,0.80248102
noncondon,5.95,0.10661940,0.08252529,0.80536282
noncondon,6.00,0.10491115,0.08138540,0.80818941
noncondon,6.05,0.10323572,0.08026043,0.81097449
noncondon,6.10,0.10159078,0.07915731,0.81370855
noncondon,6.15,0.09997442,0.07806740,0.81639403
noncondon,6.20,0.09837893,0.07699893,0.81903730
noncondon,6.25,0.09681888,0.07595178,0.82163792
noncondon,6.30,0.09527826,0.07492640,0.82418321
noncondon,6.35,0.09375984,0.07391869,0.82668557
noncondon,6.40,0.09227135,0.07292847,0.82915010
noncondon,6.45,0.09080701,0.07195258,0.83156876
noncondon,6.50,0.08937293,0.07099811,0.83394784
noncondon,6.55,0.08796470,0.07005949,0.83627688
noncondon,6.60,0.08658290,0.06913958,0.83856942
noncondon,6.65,0.08522977,0.06823535,0.84082009
noncondon,6.70,0.08389595,0.06733711,0.84302422
noncondon,6.75,0.08259226,0.06646025,0.84520398
noncondon,6.80,0.08131030,0.06559127,0.84733574
noncondon,6.85,0.08004963,0.06474376,0.84943016
noncondon,6.90,0.07880715,0.06391413,0.85148872
noncondon,6.95,0.07758881,0.06310169,0.85350439
noncondon,7.00,0.07639214,0.06230368,0.85548906
noncondon,7.05,0.07521571,0.06151755,0.85744269
noncondon,7.10,0.07405560,0.06073538,0.85937252
noncondon,7.15,0.07292258,0.05997291,0.86126068
noncondon,7.20,0.07181162,0.05921790,0.86311283
noncondon,7.25,0.07072123,0.05847733,0.86493617
noncondon,7.30,0.06964568,0.05775099,0.86672379
noncondon,7.35,0.06859152,0.05704343,0.86847826
noncondon,7.40,0.06755839,0.05634795,0.87020301
noncondon,7.45,0.06653597,0.05565322,0.87190957
noncondon,7.50,0.06553806,0.05496888,0.87358001
noncondon,7.55,0.06456053,0.05429923,0.87522310
noncondon,7.60,0.06359344,0.05364376,0.87683285
noncondon,7.65,0.06264626,0.05300283,0.87842071
noncondon,7.70,0.06172002,0.05236892,0.87997389
noncondon,7.75,0.06080173,0.05174216,0.88150583
noncondon,7.80,0.05990468,0.05112962,0.88301612
noncondon,7.85,0.05902585,0.05052139,0.88449900
noncondon,7.90,0.05815989,0.04992263,0.88595168
noncondon,7.95,0.05731641,0.04933498,0.88738290
noncondon,8.00,0.05647857,0.04875847,0.88878280
noncondon,8.05,0.05565899,0.04819816,0.89016271
noncondon,8.10,0.05485984,0.04764249,0.89151042
noncondon,8.15,0.05406964,0.04709389,0.89284880
noncondon,8.20,0.05329258,0.04655901,0.89415397
noncondon,8.25,0.05253035,0.04603114,0.89544318
noncondon,8.30,0.05178245,0.04551215,0.89670382
noncondon,8.35,0.05104657,0.04500425,0.89794281
noncondon,8.40,0.05032261,0.04450836,0.89915614
noncondon,8.45,0.04960674,0.04402061,0.90034576
noncondon,8.50,0.04890841,0.04354036,0.90152820
noncondon,8.55,0.04822163,0.04306502,0.90268297
noncondon,8.60,0.04754689,0.04260056,0.90381528
noncondon,8.65,0.04687688,0.04214563,0.90493276
noncondon,8.70,0.04622868,0.04170400,0.90602269
noncondon,8.75,0.04558770,0.04126941,0.90709826
noncondon,8.80,0.04495384,0.04084212,0.90815225
noncondon,8.85,0.04433428,0.04042188,0.90919195
noncondon,8.90,0.04372589,0.04000162,0.91021357
noncondon,8.95,0.04312708,0.03959568,0.91121470
noncondon,9.00,0.04254242,0.03919679,0.91219774
noncondon,9.05,0.04196515,0.03880019,0.91316354
noncondon,9.10,0.04139511,0.03842092,0.91411083
noncondon,9.15,0.04083950,0.03804448,0.91504289
noncondon,9.20,0.04029092,0.03767376,0.91596217
noncondon,9.25,0.03975664,0.03730293,0.91685986
noncondon,9.30,0.03922959,0.03694657,0.91774347
noncondon,9.35,0.03871628,0.03658994,0.91861330
noncondon,9.40,0.03820801,0.03624788,0.91946092
noncondon,9.45,0.03770528,0.03591304,0.92029410
noncondon,9.50,0.03721405,0.03558528,0.92111708
noncondon,9.55,0.03673242,0.03525764,0.92192457
noncondon,9.60,0.03625481,0.03493719,0.92272033
noncondon,9.65,0.03579177,0.03461663,0.92350404
noncondon,9.70,0.03533476,0.03431001,0.92426728
noncondon,9.75,0.03487907,0.03401104,0.92502225
noncondon,9.80,0.03443742,0.03371800,0.92575581
noncondon,9.85,0.03399556,0.03343265,0.92647685
noncondon,9.90,0.03356826,0.03314263,0.92719424
noncondon,9.95,0.03314481,0.03286196,0.92789903
noncondon,10.00,0.03272801,0.03258368,0.92858954
noncondon,10.05,0.03232174,0.03231249,0.92926380
noncondon,10.10,0.03192307,0.03204852,0.92993352
noncondon,10.15,0.03153147,0.03179183,0.93058187
noncondon,10.20,0.03114026,0.03154239,0.93122304
noncondon,10.25,0.03076279,0.03129278,0.93185689
noncondon,10.30,0.03039166,0.03104318,0.93247642
noncondon,10.35,0.03002270,0.03080085,0.93308329
noncondon,10.40,0.02966449,0.03056080,0.93368227
noncondon,10.45,0.02931126,0.03033041,0.93426672
noncondon,10.50,0.02896578,0.03009499,0.93484437
noncondon,10.55,0.02862382,0.02987407,0.93540990
noncondon,10.60,0.02828896,0.02965335,0.93597008
noncondon,10.65,0.02795402,0.02943242,0.93651866
noncondon,10.70,0.02763363,0.02921878,0.93705950
noncondon,10.75,0.02732031,0.02900511,0.93758704
noncondon,10.80,0.02700678,0.02879851,0.93810698
noncondon,10.85,0.02670035,0.02859751,0.93861311
noncondon,10.90,0.02639409,0.02839964,0.93911140
noncondon,10.95,0.02609513,0.02820761,0.93960252
noncondon,11.00,0.02580331,0.02800808,0.94009026
noncondon,11.05,0.02551856,0.02781604,0.94056769
noncondon,11.10,0.02523600,0.02763107,0.94103811
noncondon,11.15,0.02496362,0.02744610,0.94149421
noncondon,11.20,0.02468646,0.02726875,0.94194351
noncondon,11.25,0.02441544,0.02709729,0.94238529
noncondon,11.30,0.02415233,0.02692666,0.94281259
noncondon,11.35,0.02389486,0.02674875,0.94325435
noncondon,11.40,0.02364025,0.02658329,0.94367449
noncondon,11.45,0.02339582,0.02641455,0.94408755
noncondon,11.50,0.02314642,0.02625825,0.94449345
noncondon,11.55,0.02290794,0.02610180,0.94489238
noncondon,11.60,0.02266864,0.02595275,0.94528162
noncondon,11.65,0.02243900,0.02579802,0.94566673
noncondon,11.70,0.02220531,0.02564715,0.94605182
noncondon,11.75,0.02198438,0.02549792,0.94642279
noncondon,11.80,0.02176366,0.02534889,0.94678609
noncondon,11.85,0.02155000,0.02521278,0.94714837
noncondon,11.90,0.02133608,0.02507198,0.94749895
noncondon,11.95,0.02112240,0.02494175,0.94784097
noncondon,12.00,0.02091599,0.02480614,0.94818305
noncondon,12.05,0.02071654,0.02466732,0.94852531
noncondon,12.10,0.02051716,0.02453508,0.94886011
noncondon,12.15,0.02031949,0.02440675,0.94918070
noncondon,12.20,0.02013273,0.02427843,0.94950119
noncondon,12.25,0.01994070,0.02415718,0.94981417
noncondon,12.30,0.01975571,0.02403610,0.95011398
noncondon,12.35,0.01957655,0.02392197,0.95042011
noncondon,12.40,0.01939796,0.02380069,0.95071910
noncondon,12.45,0.01922193,0.02367948,0.95101815
noncondon,12.50,0.01905528,0.02356550,0.95130281
noncondon,12.55,0.01889100,0.02345867,0.95158415
noncondon,12.60,0.01872680,0.02335186,0.95185780
noncondon,12.65,0.01856788,0.02324500,0.95212811
noncondon,12.70,0.01840565,0.02314533,0.95239722
noncondon,12.75,0.01825503,0.02303827,0.95266199
noncondon,12.80,0.01809872,0.02293153,0.95292527
noncondon,12.85,0.01795589,0.02283186,0.95318195
noncondon,12.90,0.01780598,0.02273931,0.95343154
noncondon,12.95,0.01766331,0.02263966,0.95367388
noncondon,13.00,0.01752065,0.02255435,0.95390915
noncondon,13.05,0.01737799,0.02245471,0.95415147
noncondon,13.10,0.01724231,0.02236213,0.95438679
noncondon,13.15,0.01710675,0.02226951,0.95461694
noncondon,13.20,0.01697837,0.02217704,0.95484297
noncondon,13.25,0.01685002,0.02208448,0.95506381
noncondon,13.30,0.01672168,0.02200640,0.95527748
noncondon,13.35,0.01660061,0.02192110,0.95549122
noncondon,13.40,0.01647223,0.02183574,0.95570493
noncondon,13.45,0.01635822,0.02175040,0.95591350
noncondon,13.50,0.01623693,0.02166507,0.95611793
noncondon,13.55,0.01612284,0.02158329,0.95631741
noncondon,13.60,0.01600883,0.02150867,0.95651683
noncondon,13.65,0.01590204,0.02143283,0.95670665
noncondon,13.70,0.01578805,0.02136665,0.95689241
noncondon,13.75,0.01568115,0.02128843,0.95707892
noncondon,13.80,0.01557442,0.02121744,0.95726390
noncondon,13.85,0.01546747,0.02113938,0.95744244
noncondon,13.90,0.01536768,0.02106826,0.95762107
noncondon,13.95,0.01526802,0.02100440,0.95779243
noncondon,14.00,0.01516835,0.02094063,0.95796124
noncondon,14.05,0.01506869,0.02087681,0.95812460
noncondon,14.10,0.01497620,0.02080897,0.95829534
noncondon,14.15,0.01488369,0.02074200,0.95845881
noncondon,14.20,0.01479125,0.02067824,0.95862071
noncondon,14.25,0.01470565,0.02061528,0.95877775
noncondon,14.30,0.01461323,0.02055793,0.95892771
noncondon,14.35,0.01452754,0.02050094,0.95907029
noncondon,14.40,0.01444150,0.02045028,0.95922024
noncondon,14.45,0.01435547,0.02038764,0.95937008
noncondon,14.50,0.01427193,0.02032379,0.95951996
noncondon,14.55,0.01419046,0.02027114,0.95965946
noncondon,14.60,0.01411170,0.02021762,0.95979817
noncondon,14.65,0.01403273,0.02016816,0.95992915
noncondon,14.70,0.01395397,0.02011860,0.96006211
noncondon,14.75,0.01388090,0.02007039,0.96019050
